name,img1,img2,img_final
ÀåÁ¶¸²,https://search.pstatic.net/common/?src=http%3A%2F%2Fblogfiles.naver.net%2F20120524_57%2Fhsback2000_1337847294412ijE3Q_JPEG%2F%25B5%25C5%25C1%25F6%25B0%25ED%25B1%25E2%25C0%25E5%25C1%25B6%25B8%25B2IMG_5892-013.JPG&type=b400,https://search.pstatic.net/common/?src=http%3A%2F%2Fblogfiles.naver.net%2F20141011_100%2Fyaggo_21_141300103615185yvE_JPEG%2F7.jpg&type=b400,
Ä«Ä«¿À,https://search.pstatic.net/common/?src=http%3A%2F%2Fcafefiles.naver.net%2FMjAxOTEwMTRfMzkg%2FMDAxNTcxMDY0NTA2MTk2.r1tHK0_SiyjDiCt4z_XgymSdokNtPsGKtjUArCmCn4sg.EiePUcg0r8BWsf14MdVGjZmvpWuCPMGZvAOljY-TtQIg.PNG%2F%25C4%25AB%25C4%25AB%25BF%25C0%25C6%25E4%25C0%25CC%25C1%25F6.png&type=b400,https://search.pstatic.net/common/?src=http%3A%2F%2Fimgnews.naver.net%2Fimage%2F5364%2F2016%2F12%2F15%2F0000123237_001_20161215142042599.jpg&type=b400,
½ºÆÔ,https://search.pstatic.net/common/?src=http%3A%2F%2Fpost.phinf.naver.net%2FMjAxNzAyMDlfMjIx%2FMDAxNDg2NjIwNzMwMDI5.2vbYKkWDarXWKZoJtN2XE6r6_jn8AwN1C-LNmFQgJJcg.H79d9t0EG3HWUWxY7IEuMcvIc1S8LI8VkscrVOLRuJkg.JPEG%2FIjS60QQllbQzcuG6T-UFKsKv6Jxg.jpg&type=b400,https://search.pstatic.net/common/?src=http%3A%2F%2Fpost.phinf.naver.net%2FMjAxODA5MjRfMTIy%2FMDAxNTM3NzY0Mzc5MjIx.2vPNi-ym4-GyfuBeDphwMQKfzxh6NkU6uVJ6KiuSY64g.zj1ycNiMLhujXVQyCnKVfKSY7qp-OE_lL8snFxfbj9cg.JPEG%2FI1wpxvXMqUoTMM5wksmVTOtF8X0M.jpg&type=b400,
²Ü,https://search.pstatic.net/common/?src=http%3A%2F%2Fblogfiles.naver.net%2F20120612_289%2Fdnfxmfk180_1339431808999AjcoI_PNG%2FRNf_%25281%2529.png&type=b400,https://search.pstatic.net/common/?src=http%3A%2F%2Fblogfiles.naver.net%2F20120404_241%2Fskineye10_1333517873938DwIA4_JPEG%2F%25B2%25DC%25BF%25A1%25BC%25BE%25BD%25BA2.JPG&type=b400,
±è¹ä,https://search.pstatic.net/common/?src=http%3A%2F%2Fblogfiles.naver.net%2F20150331_188%2F4772201_1427781960075sObqs_JPEG%2F2015-03-31_15%253B08%253B35.jpg&type=b400,https://search.pstatic.net/common/?src=http%3A%2F%2Fldb.phinf.naver.net%2F20171018_286%2F15082531575615zWbP_PNG%2F6MLuArGOBQCJrnWgcIewio4o.png&type=b400,
°í±¸¸¶,https://search.pstatic.net/common/?src=http%3A%2F%2Fpost.phinf.naver.net%2FMjAxODA4MTNfMzYg%2FMDAxNTM0MTQ2Mjg4MzI4.79JMMdejPMBGW-SRG4cJLYnw8_MgIa5uFuHIkEVNU0og.kS0dw-AreNsP0RqETL36rt2-MMElCAwizkkdblmfGB4g.JPEG%2FINJrP-tAkgzjgz8mJLjjkTT4ubW8.jpg&type=b400,https://search.pstatic.net/common/?src=http%3A%2F%2Fblogfiles.naver.net%2F20110227_87%2Fqpqpqpq86_1298809470302VqAB6_JPEG%2Fnaver_com_20110227_204603.jpg&type=b400,
°è¶õ,https://search.pstatic.net/common/?src=http%3A%2F%2Fpost.phinf.naver.net%2FMjAxNzAxMTdfMTkg%2FMDAxNDg0NjQyNTMwOTQz.Zz0mSoEKUE7gepKs3YH8ORkO6tFQ1sCgxmARj9C-kzUg.kToViO-_NdCYp328yKKptamFWkAjF1RmwT4XOYWV1Zsg.JPEG%2FIclQVEqIlEY0RUtVI3W2hMLkab-E.jpg&type=b400,https://search.pstatic.net/common/?src=http%3A%2F%2Fblogfiles.naver.net%2F20120109_42%2Flpg3388_1326041967934OFH4v_JPEG%2F%25BF%25CF%25C0%25FC%25BD%25C4%25C7%25B0_%25B0%25E8%25B6%25F5%252C%25BF%25CF%25C0%25FC%25BD%25C4%25C7%25B0%25B0%25E8%25B6%25F5%252C%25BF%25CF%25C0%25FC%25BD%25C4%25C7%25B0%252C%25B0%25E8%25B6%25F5_%25289%2529.jpg&type=b400,
ºê·ÎÄÝ¸®,https://search.pstatic.net/common/?src=http%3A%2F%2Fpost.phinf.naver.net%2FMjAxODA3MTdfMjQw%2FMDAxNTMxNzkwMjA2NTQx.Mxx1PB534FcWfdNtPSudO_Trwv4PjD3Fz9vi5rfwGSog.dIhjwD7pWas5-Ox1eH7e4spcbB8-4nNXbJERBrLXdmwg.JPEG%2FI1R5rnzL_lWWZ-iPvzf7PemTbnpQ.jpg&type=b400,https://search.pstatic.net/common/?src=http%3A%2F%2Fblogfiles.naver.net%2FMjAxODA2MjdfMTQz%2FMDAxNTMwMDc0NTcyODk3.3OTJ4Zv_XZFITsXhrlmFYvXr_lNAHYwMmGT6NO8Vwrgg.rCqH2QJTX_YAFUVAsYxfYON0T58az_NkOQRXGkbsBMkg.JPEG.worldccoli%2F111.jpg&type=b400,
¹é¼³±â,https://search.pstatic.net/common/?src=http%3A%2F%2Fblogfiles.naver.net%2FMjAxODA4MTZfMjcz%2FMDAxNTM0MzQ5ODA4ODA5.zmp8aB_LXvPxIJubUQkjmgUHQTmw-qekFTujHPBe9r8g.2yAgGSwFUSvCQ8Sl4cjSywMMx51s_um95eynmta2MtQg.JPEG.mint1615%2F11%25B9%25E9%25BC%25B3%25B1%25E2%25C5%25A9%25B8%25B22.jpg&type=b400,https://search.pstatic.net/common/?src=https%3A%2F%2Fphinf.pstatic.net%2Fshop%2F20181025_209%2Fnewizcom1_1540441641482JI4H1_JPEG%2F63748821123420191_488795569.jpg&type=b400,
ÂÞ±¸¹Ì,https://search.pstatic.net/common/?src=http%3A%2F%2Fblogfiles.naver.net%2F20150913_272%2Frlqjathdud_1442146087724aXPBp_JPEG%2FSAM_3660_copy.jpg&type=b400,https://search.pstatic.net/common/?src=http%3A%2F%2Fblogfiles.naver.net%2F20150705_189%2Fshyup_1436087259043KyFMK_JPEG%2F%25C2%25DE%25B1%25B8%25B9%25CC%25B8%25C0%25C1%25FD_%25C2%25DE%25B5%25BF%25BB%25FD.jpg3.jpg&type=b400,
°íÃß,https://search.pstatic.net/common/?src=http%3A%2F%2Fblogfiles.naver.net%2FMjAyMDAxMTFfOTQg%2FMDAxNTc4Njk1MTc1NjUx.NwoYI9okDxk_5NPBgyQqWq2Adm0faTPmvPlKbj-mcskg.d4-UV5qPRdVwguLOpzjNKJ-KaHeRqPqmDAmw8BlPRuMg.JPEG.estattoo%2F%25B0%25ED%25C3%25DF_%25C0%25CF%25B7%25AF%25BD%25BA%25C6%25AE-01.jpg&type=b400,https://search.pstatic.net/common/?src=http%3A%2F%2Fblogfiles.naver.net%2F20160820_35%2Faaj1001_1471677620132FKaIv_JPEG%2F20150811_%25C5%25AB%25C1%25FD%25B3%25F3%25C0%25E5_%25B0%25ED%25C3%25DF_2.jpg&type=b400,
¶±±¹,https://search.pstatic.net/common/?src=http%3A%2F%2Fblogfiles.naver.net%2F20140217_98%2Fmysam1013_1392623533232mxMfK_JPEG%2F%25B6%25B1%25B1%25B91.jpg&type=b400,https://search.pstatic.net/common/?src=http%3A%2F%2Fblogfiles.naver.net%2FMjAxOTAyMDFfNTMg%2FMDAxNTQ5MDI5MTUzOTg2.pij3tgvA3666nt8rAe5-4NCchAZNvCbyRKSwOQq6v_sg.A5Ng_wLpdbPz56twdFnlY4w33J7O2Fm95sN0_ENWTQUg.JPEG.tails16%2Fdownloadfile-24.jpg&type=b400,
¸¶¶óÅÁ,https://search.pstatic.net/common/?src=http%3A%2F%2Fpost.phinf.naver.net%2FMjAxOTA2MDRfNTYg%2FMDAxNTU5NjU5Njg3MjI0.SXzII9y0bWdJRel9fu2XknxNFrp8f6ok5HuFkq-6oNIg.yZ10p8eTr1GHFNlz8MN80UB2o8FHlPU7jgp1sl5qfJEg.JPEG%2FIlCaC1SlNF8f8TsazbWkIwqS_I7Q.jpg&type=b400,https://search.pstatic.net/common/?src=http%3A%2F%2Fpost.phinf.naver.net%2F20160520_175%2F1463733814447lXcfe_JPEG%2FIQTMwj6fyw25T6UZWvu_fAsQ54pQ.jpg&type=b400,
ÀâÃ¤,https://search.pstatic.net/common/?src=http%3A%2F%2Fblogfiles.naver.net%2F20130707_249%2Fsunsuk112_1373182285168ShSV8_JPEG%2F%25C0%25E2%25C3%25A4.jpg&type=b400,https://search.pstatic.net/common/?src=http%3A%2F%2Fblogfiles.naver.net%2FMjAxODExMDlfMjYz%2FMDAxNTQxNzQ4Mzc1Njkx.v3EJDKAcmnRWqKvxmiyMHmf6njujo2933259SXSXQpQg.P46BrK4jztZzd9C1IDO1ZDjNwuCmQEEMbWpb-Ejl4k0g.JPEG.aiille%2Foutput_166349957.jpg&type=b400,
¸·°É¸®,https://search.pstatic.net/common/?src=http%3A%2F%2Fpost.phinf.naver.net%2FMjAxNjExMzBfMjM5%2FMDAxNDgwNDkzODg1NzQ1.sfNVAMf5pSU6cYt4sfDXjw4yxWsHfgVQ4GTPObowG1kg.4wFvr3iUGNhyA3mFbGwdesJp2UOd3Zp6ptaosIBxLs8g.JPEG%2FIGQu5YVGJo5lvUxAlazi0MZoSqHc.jpg&type=b400,https://search.pstatic.net/common/?src=http%3A%2F%2Fblogfiles.naver.net%2FMjAxODA3MDhfMjQ2%2FMDAxNTMxMDEwNzUzNzE4.YRsbE9fvJf6PJncqAvPT5y-Ap1w9beXzDoUgwfwQAVgg.wB3Nh3ldMtid-KLsh3mn-SU6Xt9p-kLKRs7cwEh9Nsog.JPEG.songduri0221%2F2017092901940_0.jpg&type=b400,
ºñºö¹ä,https://search.pstatic.net/common/?src=http%3A%2F%2Fblogfiles.naver.net%2F20150226_125%2Fgvogong1388_1424916521020HsweG_JPEG%2F%25C0%25FC%25C1%25D6%25BF%25A1_%25BF%25C0%25B8%25E9_%25B2%25C0_%25C0%25CC%25B0%25C7_%25B8%25D4%25BE%25EE%25BE%25DF%25C7%25D1%25B4%25D9BEST_%25C3%25DF%25C3%25B5%25C7%25D8%25B5%25E5%25B7%25C1%25BF%25E41.jpg&type=b400,https://search.pstatic.net/common/?src=http%3A%2F%2Fblogfiles.naver.net%2F20151129_155%2Fvfk3klf5l8x3_1448797212205XV3w0_JPEG%2F2.Gjmp36.wp-content.uploads.2012.11.M06.jpg.jpg&type=b400,
¹Ì¿ª±¹,https://search.pstatic.net/common/?src=http%3A%2F%2Fblogfiles.naver.net%2FMjAxOTA4MjhfMTM4%2FMDAxNTY2OTcwMDk2MzAy.p7oBF_EFbxMMiyqBBtH7Ud5HCocK57hOKIuENcO3cuwg.rO9lDp8sQCRXSNlOglDfwxlDabOCwpkhEvrYxAlIae4g.PNG.cuzeg7_38j%2F3.png&type=b400,https://search.pstatic.net/common/?src=http%3A%2F%2Fblogfiles.naver.net%2F20140310_246%2Feaglehope777_1394438107651CY9m3_JPEG%2F%25BC%25D2%25B0%25ED%25B1%25E2%25B9%25CC%25BF%25AA%25B1%25B9-014.jpg&type=b400,
²ÇÄ¡,https://search.pstatic.net/common/?src=http%3A%2F%2Fpost.phinf.naver.net%2FMjAxODA3MjNfMjA3%2FMDAxNTMyMzA3OTgyMDY5.QwXQjNEV5gTbICOS7ghiTXJuoVfvuBI5G0YKp7wfR4Ig.vFenc0iIWTPxVDPFuznSPe2kzOWZnRG2J9Adh8tN5b8g.JPEG%2FIEhuSYWsLjm-KCRsRwCUgj8jY1u8.jpg&type=b400,https://search.pstatic.net/common/?src=http%3A%2F%2Fblogfiles.naver.net%2F20111205_12%2Ftopoki11_1323047817492n882c_JPEG%2F01_%25B2%25C7%25C4%25A1%25B1%25B8%25C0%25CC%25BF%25E4%25B8%25AE_%25B2%25C7%25C4%25A1.jpg&type=b400,
¹ã,https://search.pstatic.net/common/?src=http%3A%2F%2Fblogfiles.naver.net%2F20121019_216%2Fyayomi0602_1350631553518vAyNv_JPEG%2F2061800004l.jpg&type=b400,https://search.pstatic.net/common/?src=http%3A%2F%2Fblogfiles.naver.net%2F20141122_277%2Fesc6512_1416635672718RD1T0_JPEG%2F%25B9%25E3%25C0%25C7_%25C8%25BF%25B4%25C9_%25BF%25B5%25BE%25E7%25B0%25A1_%25283%2529.jpg&type=b400,
¼öÁ¤°ú,https://search.pstatic.net/common/?src=http%3A%2F%2Fblogfiles.naver.net%2F20121201_169%2Fgodqhrrhvms_1354291518450pb3pw_JPEG%2FBBE7C1F8_7547.jpg&type=b400,https://search.pstatic.net/common/?src=http%3A%2F%2Fblogfiles.naver.net%2F20131104_156%2Fkkje2002_1383571519769hfUak_JPEG%2F01_%25283%2529.jpg&type=b400,
¸¶½Ã¸á·Î,https://search.pstatic.net/common/?src=http%3A%2F%2Fblogfiles.naver.net%2Fdata25%2F2008%2F10%2F21%2F188%2Fmarshmallowcubes%2528600px%2529_sudong5.jpg&type=b400,https://search.pstatic.net/common/?src=http%3A%2F%2Fblogfiles.naver.net%2F20150630_112%2Ftr987987_1435621914006qUMzD_JPEG%2Fkartandtinki1_marshmallow-wallpaper_061.jpg&type=b400,
½ºÄÜ,https://search.pstatic.net/common/?src=http%3A%2F%2Fblogfiles.naver.net%2F20140801_193%2Fcio629_1406864013147hie5s_JPEG%2F%25BD%25BA%25C4%25DC34.JPG&type=b400,https://search.pstatic.net/common/?src=http%3A%2F%2Fblogfiles.naver.net%2FMjAxOTA4MjhfMjgy%2FMDAxNTY3MDAzMDE0OTI5.hFvwHFL9ru-Wdjbsu3sRWr3aNilx4GyIycDVOoJBveIg.Sw7-qHsIcohhFpSZVkSnWEHg8XxhI7VpyHFYWC8sXCgg.JPEG.246nexon%2F1567003013834.jpg&type=b400,
»ø·¯µå,https://search.pstatic.net/common/?src=http%3A%2F%2Fpost.phinf.naver.net%2FMjAxNzAyMjRfOTMg%2FMDAxNDg3OTQwMzc5ODY3.gx1NtaYysxe01lGPgtxbRFvZ2YbBExy0wGPZpsR6nOog.T_Ph_tMpbHjZYdzRwUjHm82lAPKH89wXymO79HwjKj4g.JPEG%2FIw7Zv2AA8Ap1ebN1oNH5OuqiaqGM.jpg&type=b400,https://search.pstatic.net/common/?src=http%3A%2F%2Fblogfiles.naver.net%2F20110608_238%2Fdiablo1015_1307526886736MpPBf_JPEG%2F015.JPG&type=b400,
±ïµÎ±â,https://search.pstatic.net/common/?src=http%3A%2F%2Fblogfiles.naver.net%2F20140630_191%2Fmimi030630_1404112847867Jcp0t_JPEG%2FIMG_0412-tile.jpg&type=b400,https://search.pstatic.net/common/?src=http%3A%2F%2Fblogfiles.naver.net%2F20120925_133%2Fp2002ms_13485410736545cn6v_JPEG%2F%25B1%25EF%25B5%25CE%25B1%25E2.JPG&type=b400,
½Ã±ÝÄ¡,https://search.pstatic.net/common/?src=http%3A%2F%2Fblogfiles.naver.net%2F20130924_33%2Fisy445_1380012511018inieW_JPEG%2F3.14-%25BD%25C3%25B1%25DD%25C4%25A1%25B9%25AB%25C4%25A7_%25288%2529.jpg&type=b400,https://search.pstatic.net/common/?src=http%3A%2F%2Fblogfiles.naver.net%2F20130205_265%2Fsmy2166_1360023315539Fwi1N_JPEG%2F16.JPG&type=b400,
ÃÊ¹ä,https://search.pstatic.net/common/?src=http%3A%2F%2Fblogfiles.naver.net%2F20100418_50%2Fcggirl1004_1271601875513btNas_jpg%2F%25B4%25DE%25B0%25BF%25C7%25A5%25B0%25ED%25B9%25F6%25BC%25B8%25C3%25CA%25B9%25E4_cggirl1004.jpg&type=b400,https://search.pstatic.net/common/?src=http%3A%2F%2Fblogfiles.naver.net%2F20120113_134%2Fulalarick_1326422517396cDa5i_JPEG%2Fsusi03.jpg&type=b400,
È£¹Ú³ª¹°,https://search.pstatic.net/common/?src=http%3A%2F%2Fblogfiles.naver.net%2FMjAxOTAyMjJfMjQz%2FMDAxNTUwNzgyODk2NTQ0.i5rcbBhGau8Hr3MmleWy4iZqeNnjWXjBG7jq9LfycDYg.Dm8DtM_UR7VZdEKzdm3Y_WlXqHnEhgDFZmJYPObWu4kg.JPEG.kstencil%2F%25BC%25F6%25B9%25CC%25B3%25D7%25B9%25DD%25C2%25F9_%25C8%25A3%25B9%25DA%25B0%25ED%25C1%25F6_%25B0%25C7%25B0%25A1%25C1%25F6%25B3%25AA%25B9%25B09.JPG&type=b400,https://search.pstatic.net/common/?src=http%3A%2F%2Fblogfiles.naver.net%2F20130120_28%2Fsook15258_135868091516260gPw_JPEG%2F%25C8%25A3%25B9%25DA%25B3%25AA%25B9%25B0_080.jpg&type=b400,
Çª¾Æ±×¶ó,https://search.pstatic.net/common/?src=http%3A%2F%2Fblogfiles.naver.net%2FMjAxNzA0MTBfMTgx%2FMDAxNDkxODAyMTk0NTM3.6F-qYoFQY74rQk_bqYNNeh0FSX_Lbb0UhhE342ncWz4g.TF79F1-bJKhHJADy-kViI_ITYcMB_makGuUHtAbfrGUg.JPEG.francebiz%2F1.jpg&type=b400,https://search.pstatic.net/common/?src=http%3A%2F%2Fblogfiles.naver.net%2F20160521_207%2Faria52_1463763004997a7VgQ_JPEG%2FIMG_9030.JPG&type=b400,
±èÄ¡Âî°³,https://search.pstatic.net/common/?src=http%3A%2F%2Fblogfiles.naver.net%2F20150628_74%2Fcider99_1435419455892ToOnB_JPEG%2F003.jpg&type=b400,https://search.pstatic.net/common/?src=http%3A%2F%2Fblogfiles.naver.net%2F20110221_211%2Fxo050423_1298268879868xh2W6_JPEG%2F11-%25C1%25B6%25B8%25C1%25B0%25A3%25B9%25E6%25BC%25DB%25BF%25A1_%25B3%25AA%25B0%25A5_%25B5%25C5%25C1%25F6%25B1%25E8%25C4%25A1%25C2%25EE%25B0%25D4_%25B7%25B9%25BD%25C3%25C7%25C7%252C%25B5%25C5%25C1%25F6%25B1%25E8%25C4%25A1%25C2%25EE%25B0%25D4_%25C0%25DF%25B2%25FA%25C0%25CC%25B4%25C2%25B9%25FD%252C%252C%25B5%25C5%25C1%25F6%25B0%25ED%25B1%25E2%25B9%25AC%25C0%25BA%25C1%25F6%25C2%25EE%25B0%25D4%25B3%25CA%25B9%25AB%25BD%25AC%25BF%25EE_%25B1%25E8%25C4%25A1%25C2%25EE%25B0%25B3%252C%25C3%25CA%25BA%25B8%25C0%25DA%25BF%25EB_%25B5%25C5%25C1%25F6%25B1%25E8%25C4%25A1%25C2%25EE%25B0%25D4%252C%25BE%25C6%25B9%25AB%25B3%25AA%25B0%25A1%25B4%25C9%25C7%25D1_%25B1%25E8%25C4%25A1%25C2%25EE%25B0%25B3.JPG&type=b400,
ÇÇ½ºÅ¸Ä¡¿À,https://search.pstatic.net/common/?src=http%3A%2F%2Fblogfiles.naver.net%2FMjAxNzExMTBfMTc1%2FMDAxNTEwMjc3NTMzODIx.gquS6IYZNgAan1K64rHIaJ6NU0Bke0KJ1B_q8pRsm9cg.m3Qt05iSIrVCKGL2SMCPoM3kK3cYPwufP02h-Kl-1P4g.JPEG.yresoc%2F%25BB%25F3%25B5%25BF%25BF%25E4%25B0%25A12.jpg&type=b400,https://search.pstatic.net/common/?src=http%3A%2F%2Fblogfiles.naver.net%2F20131015_193%2Flisa7348053_1381799305007foFr0_JPEG%2F1.jpg&type=b400,
¹Ù´ÙÆ÷µµ,https://search.pstatic.net/common/?src=http%3A%2F%2Fblogfiles.naver.net%2F20150109_265%2Fekgo1618_1420791154576OlyJm_JPEG%2F%25B9%25D9%25B4%25D9%25C6%25F7%25B5%25B5%25C3%25DF%25C3%25E2%25B9%25B06.jpg&type=b400,https://search.pstatic.net/common/?src=http%3A%2F%2Fblogfiles.naver.net%2FMjAxNzA1MTZfMiAg%2FMDAxNDk0OTE3NTU1Mjgz.quxA16P6N8sq0huM-DbjOlYE_Uwuqx6MWzEQOXz7F98g.eC5bi2yXMTj8egxD-Pzia6Via20V5YQrdWfyhvw6eGUg.PNG.bu0315%2F%25B9%25D9%25B4%25D9%25C6%25F7%25B5%25B5.png&type=b400,
°£Àå°ÔÀå,https://search.pstatic.net/common/?src=http%3A%2F%2Fblogfiles.naver.net%2F20130123_155%2Fkangmihi78_1358927840793CTyym_JPEG%2FDSCN6959.JPG&type=b400,https://search.pstatic.net/common/?src=http%3A%2F%2Fcafefiles.naver.net%2F20150319_65%2Fyi74258_1426767056564hbXw8_JPEG%2F%25C5%25A9%25B1%25E2%25BA%25AF%25C8%25AF_DSC00472.JPG&type=b400,
·ÎÁ¦ÆÄ½ºÅ¸,https://search.pstatic.net/common/?src=http%3A%2F%2Fblogfiles.naver.net%2F20131119_151%2Fjenkong07_1384857470138O9raD_JPEG%2F0.jpg&type=b400,https://search.pstatic.net/common/?src=http%3A%2F%2Fblogfiles.naver.net%2F20130805_165%2Fcookkinggold_1375677508374LCaYg_JPEG%2FIMG_5464.JPG&type=b400,
Â÷µ¹¹ÚÀÌ,https://search.pstatic.net/common/?src=http%3A%2F%2Fblogfiles.naver.net%2F20091024_216%2Fseol0191_1256361700707xV2K6_jpg%2F%25C2%25F71_seol0191.jpg&type=b400,https://search.pstatic.net/common/?src=http%3A%2F%2Fpost.phinf.naver.net%2F20160616_118%2F14660589452252GJum_JPEG%2FIeDMJ_GGQFEQvfDdF1Z2QTkY93Ag.jpg&type=b400,
Â¥Á¶,https://search.pstatic.net/common/?src=http%3A%2F%2Fblogfiles.naver.net%2FMjAxODAyMjVfMjAg%2FMDAxNTE5NTYzMTMzMTYw.JnrZUp0qUo9PQhFsY8aVOQqNpUVUturgOyyO6oaQYYog.UHNwFAJmucDhlbWTdkbaFP3--VwfYRuTJWSggBIm0Rcg.JPEG.pyoun0181%2F%25C2%25A5%25C1%25B6%25B8%25B8%25B5%25E5%25B4%25C2%25B9%25FDDSC_6392-009.jpg&type=b400,https://search.pstatic.net/common/?src=http%3A%2F%2Fblogfiles.naver.net%2F20120404_104%2Fhsback2000_1333542688501QiX8m_JPEG%2F%25B9%25CC%25C6%25AE%25BA%25BC%25BD%25BA%25C5%25D7%25C0%25CC%25C5%25A9IMG_3883.JPG&type=b400,
¾Æ¸óµå,https://search.pstatic.net/common/?src=http%3A%2F%2Fblogfiles.naver.net%2F20130310_39%2Fbona6869_1362845099400gFgbJ_JPEG%2F%25BE%25C6%25B8%25F3%25B5%25E53.jpg&type=b400,https://search.pstatic.net/common/?src=http%3A%2F%2Fshop1.phinf.naver.net%2F20191003_269%2F1570065495437BW9D9_JPEG%2F2019061815352566135d08862da17c5.jpg&type=b400,
°ú¸Þ±â,https://search.pstatic.net/common/?src=http%3A%2F%2Fblogfiles.naver.net%2FMjAxODEyMDRfMjkx%2FMDAxNTQzOTI3MDE0MTA4.kFWZ3hcA3dJ-7zb9ZPo-3mGiZ52nR8wHCPltDEvxijwg.KF5l08f_04NrgzmkTKCY5rnpsaA0U5UO3H5O4L7E50Yg.PNG.comixs1%2F%25B0%25FA%25B8%25DE%25B1%25E21.png&type=b400,https://search.pstatic.net/common/?src=http%3A%2F%2Fkinimage.naver.net%2F20150113_111%2F1421118698348q0Nnn_PNG%2F%25B0%25FA%25B8%25DE%25B1%25E2.PNG&type=b400,
¸í¶õÁ£,https://search.pstatic.net/common/?src=http%3A%2F%2Fblogfiles.naver.net%2F20150619_83%2Fdogamfood_1434675740786GtV2n_PNG%2F20150619_100014.png&type=b400,https://search.pstatic.net/common/?src=http%3A%2F%2Fshopping.phinf.naver.net%2Fmain_1099367%2F10993671665.20190219015137.jpg&type=b400,
¿ÀÂ¡¾îÁ£°¥,https://search.pstatic.net/common/?src=http%3A%2F%2Fblogfiles.naver.net%2F20130422_126%2Fonsaimiro111_1366571580954VKgcn_JPEG%2F%25C1%25A3%25B0%25A5%25B7%25F93.jpg&type=b400,https://search.pstatic.net/common/?src=http%3A%2F%2Fshop1.phinf.naver.net%2F20161112_34%2FshopnCommonUser_147891997598968hjc_JPEG%2F90536336753863767_-949066900.jpg&type=b400,
°¥Ä¡±¸ÀÌ,https://search.pstatic.net/common/?src=http%3A%2F%2Fblogfiles.naver.net%2F20160531_4%2Fibb9133_1464682807171yUhBo_PNG%2F2.png&type=b400,https://search.pstatic.net/common/?src=http%3A%2F%2Fblogfiles.naver.net%2F20110501_31%2Fagit1_1304261733897j5YVT_JPEG%2F1298428791.jpg&type=b400,
¹é¼÷,https://search.pstatic.net/common/?src=http%3A%2F%2Fpost.phinf.naver.net%2F20160613_280%2F1465745122638jcV5d_JPEG%2FI2eAGdoz9I3aUblCYX6VZpRq8N4k.jpg&type=b400,https://search.pstatic.net/common/?src=http%3A%2F%2Fblogfiles.naver.net%2F20160703_79%2Fpso9910_1467542896916jBzV0_JPEG%2F%25C1%25A4%25B4%25EB%25B0%25A8%25B4%25C9%25C0%25CC%25B9%25E9%25BC%25F7%25BF%25AC%25C0%25D9%25B9%25E4_%252815%2529.JPG&type=b400,
¹®¾î,https://search.pstatic.net/common/?src=http%3A%2F%2Fimgnews.naver.net%2Fimage%2F020%2F2011%2F10%2F02%2F40760047.1.jpg&type=b400,https://search.pstatic.net/common/?src=http%3A%2F%2Fblogfiles.naver.net%2F20130813_8%2Fdryut_13763596185099hbwf_JPEG%2F%25BD%25C9%25C7%25D8%25B9%25AE%25BE%25EE_3.jpg&type=b400,
Å©·ç¾Æ»ó,https://search.pstatic.net/common/?src=http%3A%2F%2Fcafefiles.naver.net%2FMjAxODA5MDRfMTM5%2FMDAxNTM2MDA3NjgzOTA2.m55nJfs-wuO4gtdghyvmfpkaYlCWH43PzyILovNW_gEg.VyUYF4os1ZsSEVKx03xlj1Z4pRd6N4_RlteFMzZaNbcg.JPEG.songsk2000%2FexternalFile.jpg&type=b400,https://search.pstatic.net/common/?src=http%3A%2F%2Fblogfiles.naver.net%2F20160305_219%2Fn17a02_1457107445707fU64U_JPEG%2F1.JPG&type=b400,
°è¶õÈÄ¶óÀÌ,https://search.pstatic.net/common/?src=http%3A%2F%2Fblogfiles.naver.net%2F20120425_296%2Fdanayaba_1335351644026yiepD_JPEG%2F%25B0%25E8%25B6%25F5%25C8%25C4%25B6%25F3%25C0%25CC_%25284%2529.jpg&type=b400,https://search.pstatic.net/common/?src=http%3A%2F%2Fblogfiles.naver.net%2FMjAxODExMDlfMjYg%2FMDAxNTQxNzQ3MDY4NDY4.iYd7cJE4fbT_g1-f7ZQJOjCH7FixpTK5gzbavE81jyUg.69P-qZSk6As1tmjgGb7CXq89wkxMZySILAXwOzGBNVgg.JPEG.dldmldud50%2F%25B0%25E8%25B6%25F5%25C8%25C4%25B6%25F3%25C0%25CC2.JPEG&type=b400,
ÆÄÇÁ¸®Ä«,https://search.pstatic.net/common/?src=http%3A%2F%2Fblogfiles.naver.net%2F20150704_238%2Fllllbeing_1435977299870x2Qs3_JPEG%2Fqg.JPG&type=b400,https://search.pstatic.net/common/?src=http%3A%2F%2Fblogfiles.naver.net%2F20140630_25%2Fjymotors_14041113508146Jys4_JPEG%2F111.jpg&type=b400,
Á¹¸®ºñ,https://search.pstatic.net/common/?src=http%3A%2F%2Fblogfiles.naver.net%2F20120731_89%2Fdesbons_1343723455153aEBCf_JPEG%2F1.jpg&type=b400,https://search.pstatic.net/common/?src=http%3A%2F%2Fblogfiles.naver.net%2F20120926_69%2Fero1a_1348630671531O0njL_JPEG%2F%25BB%25E7%25C1%25F8_1500.jpg&type=b400,
±èÄ¡,https://search.pstatic.net/common/?src=http%3A%2F%2Fshop1.phinf.naver.net%2F20190814_116%2Fwksa77_1565770211970zvncr_PNG%2F3132545346458179_1479011371.png&type=b400,https://search.pstatic.net/common/?src=http%3A%2F%2Fshop1.phinf.naver.net%2F20180404_147%2Fomansang09_1522838472270vWBJI_JPEG%2F3340804469530833_455856353.jpg&type=b400,
Å©¸²ÆÄ½ºÅ¸,https://search.pstatic.net/common/?src=http%3A%2F%2Fblogfiles.naver.net%2F20160530_18%2Fwinterhaha_1464604896428lXDoQ_JPEG%2F%25C6%25F7%25B8%25CB%25BA%25AF%25C8%25AF_%25C0%25AF%25C6%25A9%25BA%25EA_%25B8%25DE%25C0%25CE_%25C0%25CC%25B9%25CC%25C1%25F6.jpg&type=b400,https://search.pstatic.net/common/?src=http%3A%2F%2Fblogfiles.naver.net%2FMjAxOTAxMTdfMTI5%2FMDAxNTQ3NzEyMzI4MjY1.yRCSoF7M787OyANOxfF8a5qzQVm4bVWJKspZjNyyBpog.OOAGjRXJnubAiiy2cS6LDCM6JIyT8p-fYAQEpaMORy4g.JPEG.cudioyy%2FIMG_0944.JPG&type=b400,
¼±Áþ±¹,https://search.pstatic.net/common/?src=http%3A%2F%2Fblogfiles.naver.net%2FMjAxODAxMzFfMjk3%2FMDAxNTE3MzkyNDE4NzY1.mnmFrcsAqjAArjd2NtinkB38qLK6HMyLw5yYmw-jJVEg.jN5JgQ55XIGN2Wxvf-C9erNns9taoIWN_MkNkceQHlgg.JPEG.howmany70%2F_MG_2563.JPG&type=b400,https://search.pstatic.net/common/?src=http%3A%2F%2Fblogfiles.naver.net%2F20140718_277%2Fk2002ej_1405650443685BFvkB_JPEG%2F%25BF%25A3%25C4%25EE%25BF%25E4%25B8%25AE%25C7%25D0%25BF%25F8%25BC%25B1%25C1%25F6%25B1%25B9%25B2%25FA%25C0%25CC%25B4%25C2%25B9%25FD%25BC%25B1%25C1%25FE%25B1%25B9%25BC%25B1%25C1%25F6%25C7%25D8%25C0%25E5%25B1%25B9%25B8%25B8%25B5%25E5%25B4%25C2%25B9%25FD%25BC%25B1%25C1%25F6%25C7%25D8%25C0%25E5%25B1%25B9%25C8%25B2%25B1%25DD%25B7%25B9%25BD%25C3%25C7%25C71%25C0%25CF_11_%25BF%25DC%25BD%25C4%25C3%25A2%25BE%25F7%25C6%25AF%25B0%25AD20140519094806858.jpg&type=b400,
¾ÆÀÌ½ºÅ©¸²,https://search.pstatic.net/common/?src=http%3A%2F%2Fblogfiles.naver.net%2FMjAxNzA0MTJfMjY1%2FMDAxNDkxOTYyNjM0ODI5.c0xKFOtvkfGEJVqR5eeeXRJfP5Dm18QVGx69FrKo6OYg.HPOYfCkj8LhcR8lrq_8KmSOypog1hU9wEVGslwpOtLkg.JPEG.happy_insook%2F%25BE%25C6%25C0%25CC%25BD%25BA%25C5%25A9%25B8%25B2_%25C7%25D2%25C0%25CE%25B0%25A1%25B0%25D4_%25C3%25A2%25BE%25F7.jpg&type=b400,https://search.pstatic.net/common/?src=http%3A%2F%2Fblogfiles.naver.net%2F20140218_1%2Fbrgirl31_1392684995839Qy7sK_JPEG%2Fice_400_00029.png&type=b400,
¿ÀÂ¡¾î¼ø´ë,https://search.pstatic.net/common/?src=http%3A%2F%2Fblogfiles.naver.net%2F20130119_39%2Fcookkinggold_1358588093147fqelv_JPEG%2FIMG_1782.JPG&type=b400,https://search.pstatic.net/common/?src=http%3A%2F%2Fblogfiles.naver.net%2F20151020_84%2Fjjkh5646_14453046178873G65D_JPEG%2F66666666666%25BF%25C0%25C2%25A1%25BE%25EE%25BC%25F8%25B4%25EB.jpg&type=b400,
¸¶¶ó¼§±Å,https://search.pstatic.net/common/?src=http%3A%2F%2Fblogfiles.naver.net%2FMjAxOTAzMzBfMTc2%2FMDAxNTUzOTQ4NzM0Njk5.HKqC8IK1tRWUSDrjcZDiNcJENb8x0OUeyZ_gPMquWXMg.NXtEjB945Q3-Fz9FSeJcdsPZizAE_FBneXMqmEqdVNcg.JPEG.gpdl97%2F2019-03-10-11-31-26.jpg&type=b400,https://search.pstatic.net/common/?src=http%3A%2F%2Fblogfiles.naver.net%2FMjAxOTEwMDRfMTkg%2FMDAxNTcwMTc1Nzk4NzI1.jkd67UFwBSo5VgR3nezRvB6hJTag6ifBKD4KZ5hbMdsg.40ekkRJiBElx1SBHaSSJyywyG-NljobAx__mEEAORV0g.JPEG.eteflowerstudio%2FKakaoTalk_20191004_161056098.jpg&type=b400,
¼¡½ºÇÉ,https://search.pstatic.net/common/?src=http%3A%2F%2Fimgnews.naver.net%2Fimage%2F001%2F2012%2F11%2F15%2FPAP20100817099901008_P2_59_20121115163108.jpg&type=b400,https://search.pstatic.net/common/?src=http%3A%2F%2Fblogfiles.naver.net%2F20151204_18%2Fskjbgkjsbg_1449212637069ndfxq_JPEG%2F%25BC%25A1%25BD%25BA%25C7%25C92.jpg&type=b400,
¹Ù³ª³ª,https://search.pstatic.net/common/?src=http%3A%2F%2Fblogfiles.naver.net%2F20160509_2%2Fojs4355_1462793225327VFy46_JPEG%2F%25B9%25D9%25B3%25AA%25B3%25AA%25C0%25CC%25B9%25CC%25C1%25F6.jpg&type=b400,https://search.pstatic.net/common/?src=http%3A%2F%2Fblogfiles.naver.net%2F20131229_68%2Fwhalepink_138830628895428CBX_JPEG%2F%25B9%25D9%25B3%25AA%25B3%25AA3.jpg&type=b400,
¿¬À¯,https://search.pstatic.net/common/?src=http%3A%2F%2Fblogfiles.naver.net%2F20140628_234%2Fforme780306_1403888033484p0DA4_JPEG%2F%25BF%25AC%25C0%25AF%25C4%25BF%25C7%25C7_%25283%2529.JPG&type=b400,https://search.pstatic.net/common/?src=http%3A%2F%2Fimgnews.naver.net%2Fimage%2F421%2F2014%2F05%2F19%2F863406_medium_99_20140519094702.jpg&type=b400,
¾çÆÄ,https://search.pstatic.net/common/?src=http%3A%2F%2Fblogfiles.naver.net%2F20111005_71%2Fwkddmsgh01_1317799798716IrjCI_JPEG%2F5810279_xl.jpg&type=b400,https://search.pstatic.net/common/?src=http%3A%2F%2Fimgnews.naver.net%2Fimage%2F5080%2F2011%2F12%2F09%2F94525_54730_1256.jpg&type=b400,
È«ÇÕÅÁ,https://search.pstatic.net/common/?src=http%3A%2F%2Fblogfiles.naver.net%2FMjAxNjExMjRfNSAg%2FMDAxNDc5OTc2MTE0Njcz.rQN-LcaoMpO7-ixfRroXMO-d9vIrPLQaIfcxD2IaNB0g.Z5tq_9BfIOQkB3OF6A599c74meb18k2yl0QyzVyblXMg.JPEG.pink2244%2F%25C8%25AB%25C7%25D5%25C5%25C1_%25B2%25FA%25C0%25CC%25B4%25C2%25B9%25FD.jpg&type=b400,https://search.pstatic.net/common/?src=http%3A%2F%2Fblogfiles.naver.net%2F20111122_292%2Ftheboni_1321932757883VaFiR_JPEG%2F%25C7%25A5%25C1%25F61.jpg&type=b400,
³ÃÀÌ,https://search.pstatic.net/common/?src=http%3A%2F%2Fblogfiles.naver.net%2F20130219_218%2Fdpswater_1361253069443S6bGq_JPEG%2F%25B3%25C3%25C0%25CC.jpg&type=b400,https://search.pstatic.net/common/?src=http%3A%2F%2Fblogfiles.naver.net%2F20120510_149%2Fprnprn_1336613331375Fv35H_JPEG%2FIE001022740_STD.jpg&type=b400,
Ä¡Å²,https://search.pstatic.net/common/?src=http%3A%2F%2Fpost.phinf.naver.net%2FMjAxNzA5MjFfMjUw%2FMDAxNTA1OTUyMTUxNjIz.pGbFWS_vDpa1moWzu9hoGNZhRh4tIWwgswbTKMnaFKgg.f1dRnRHjXgn1McrTUOeaEChvjwI9xkUQm5gG1Bd3CMcg.JPEG%2FIogWmz-8JcpmcH2xdeVKe64CKXTg.jpg&type=b400,https://search.pstatic.net/common/?src=http%3A%2F%2Fldb.phinf.naver.net%2F20171211_43%2F151297422846517N6U_JPEG%2FpEbKSOrQqtVBwhscK8dljv6_.jpg&type=b400,
ºØ¾î»§,https://search.pstatic.net/common/?src=http%3A%2F%2Fblogfiles.naver.net%2F20141121_117%2Frubiro_1416500798971G6CUV_JPEG%2FJTBC_20141120164813969.jpeg&type=b400,https://search.pstatic.net/common/?src=http%3A%2F%2Fimgnews.naver.net%2Fimage%2F020%2F2013%2F02%2F02%2F52761274.1_59_20130202224302.jpg&type=b400,
°¨,https://search.pstatic.net/common/?src=http%3A%2F%2Fblogfiles.naver.net%2F20131011_236%2Fdjsocks_1381418268086s8b6c_JPEG%2F%25EF%25BF%25BD%25EF%25BF%25BD.jpg&type=b400,https://search.pstatic.net/common/?src=http%3A%2F%2Fblogfiles.naver.net%2F20140212_295%2Fxblue4373_1392167286850M8IBF_JPEG%2F1_%25B0%25A8_%25BF%25AC%25BD%25C3.jpg&type=b400,
¹ÐÇ£À¯,https://search.pstatic.net/common/?src=http%3A%2F%2Fblogfiles.naver.net%2F20130704_266%2Flamerkr_1372913578045p9AEH_JPEG%2Fmille-feuille-4.jpg&type=b400,https://search.pstatic.net/common/?src=http%3A%2F%2Fblogfiles.naver.net%2F20150105_83%2F100doci_1420423051275VMHlB_JPEG%2F1.jpg&type=b400,
È£¹ÚÁ×,https://search.pstatic.net/common/?src=http%3A%2F%2Fblogfiles.naver.net%2F20110905_48%2Feunsu0013_1315183513594tijBa_JPEG%2F%25C8%25A3%25B9%25DA%25C1%25D7%25B8%25B8%25B5%25E9%25B1%25E22.png&type=b400,https://search.pstatic.net/common/?src=http%3A%2F%2Fblogfiles.naver.net%2F20140419_206%2Fcio629_1397908957219IDvdW_JPEG%2FIMG_1510.JPG&type=b400,
ºÎ¸®Åä,https://search.pstatic.net/common/?src=http%3A%2F%2Fpost.phinf.naver.net%2FMjAxOTAyMTlfOTYg%2FMDAxNTUwNTA3NjU1NTU3.TzMmcHm23Lxmaj468kjtHsH204lEFF7qgQCFzH_sFPsg.Z7ukskO39yTo998ohpuY5XBG32lwnAU1w0eeObCLj-Mg.JPEG%2FIIAAsiIg3hvShjc58oqh9NpFIUP0.jpg&type=b400,https://search.pstatic.net/common/?src=http%3A%2F%2Fblogfiles.naver.net%2F20160608_94%2Ficecream2052_1465346094682YqELR_JPEG%2F20160607_182426.jpg&type=b400,
ÀüÅõ½Ä·®,https://search.pstatic.net/common/?src=http%3A%2F%2Fkinimage.naver.net%2F20120924_216%2F1348463141853depz2_JPEG%2FC0FC1.JPG&type=b400,https://search.pstatic.net/common/?src=http%3A%2F%2Fblogfiles.naver.net%2F20130403_210%2Fbyc9287_1364949044156zfr2c_JPEG%2F%25C0%25FC%25C5%25F5%25BD%25C4%25B7%25AE2.jpg&type=b400,
³ª½Ã°í·©,https://search.pstatic.net/common/?src=http%3A%2F%2Fblogfiles.naver.net%2F20130211_151%2Fcookkinggold_1360582767940Y3yUX_JPEG%2FIMG_2524.JPG&type=b400,https://search.pstatic.net/common/?src=http%3A%2F%2Fblogfiles.naver.net%2FMjAxOTA1MTZfMTc0%2FMDAxNTU3OTg5NDkyMDk4.Gcuv4Wi9LhowNirY7Qv46yYyWKQRJpOc4UCghx0f-F0g.kBvzFOkkee49cd1wA2-fRQfojINm8XPqMyR9fFQLTngg.JPEG.hmg6399%2F%25B3%25AA%25BD%25C3%25B0%25ED%25B7%25A9.JPG&type=b400,
Ä³½´³ÊÆ®,https://search.pstatic.net/common/?src=http%3A%2F%2Fshop1.phinf.naver.net%2F20191210_95%2F1575904614356BEbS1_JPEG%2F133061_0.jpg&type=b400,https://search.pstatic.net/common/?src=http%3A%2F%2Fblogfiles.naver.net%2FMjAxOTExMDhfMTE1%2FMDAxNTczMTk0MzMwNDgw._ksWJqtgYgznTLI2eZja2iR8LZv6Jk1gEhT_z0gO_G8g.14AKG5BzSuyAAHpd7CVQbPKTSII_v5iSC1G7cZrazbog.PNG.curusis%2FSE-ef3cf2af-cd25-4b51-8b39-da5f4ad0c271.png&type=b400,
º¹¾î,https://search.pstatic.net/common/?src=http%3A%2F%2Fblogfiles.naver.net%2F20151130_24%2Fkhlim1973_1448842004431PSVx4_JPEG%2F16.jpg&type=b400,https://search.pstatic.net/common/?src=http%3A%2F%2Fblogfiles.naver.net%2FMjAxNzA3MDhfMTE1%2FMDAxNDk5NTI1ODI3NjY0.soZoyQFI5S-jNIMW4aIotDz-INtiw3w1UMtjgdmMABsg.tfEkt-YyRravpKX7YLweeUFh8o-H08pCQ6SKGb6kPZYg.JPEG.orcini%2F%25BA%25B9%25BE%25EE.jpg&type=b400,
¸¶¶ó·Õ»þ,https://search.pstatic.net/common/?src=http%3A%2F%2Fblogfiles.naver.net%2FMjAxODEyMTBfMjM4%2FMDAxNTQ0NDA5OTY0OTgx.-4DimVBeRm5WYrhfNddDbWcniBOqPkq1w2xX_4piBOgg.xbrZY1tmj7GMuoBndB1ZFn3vSCYVsAArQ39qyFOfb_Mg.JPEG.wlsdn3247%2F%25C8%25AD%25B7%25EE%25B8%25B6%25B6%25F3%25B7%25D5%25BB%25FE_%252819%2529.jpg&type=b400,https://search.pstatic.net/common/?src=http%3A%2F%2Fblogfiles.naver.net%2FMjAxODExMTZfNjUg%2FMDAxNTQyMzUxMTkzMTM4.4YrRC-9qBlRzLErwJYLLeowkQHwNJ1bPzOigJ6bug0sg._8AXR8Icva4XOJhiuW31fuHCCHZZvoHDvSSHRRo9ASYg.JPEG.duatjstod1%2F1-1.jpg&type=b400,
´ß°¥ºñ,https://search.pstatic.net/common/?src=http%3A%2F%2Fshop1.phinf.naver.net%2F20190218_162%2Fsk2000cc_1550493445882JqBYD_JPEG%2F33212304729773142_1585691367.jpg&type=b400,https://search.pstatic.net/common/?src=http%3A%2F%2Fpost.phinf.naver.net%2FMjAxNzAyMjVfMTMw%2FMDAxNDg3OTg5OTM5Mjc3.nXXXRhvfLLiHzxkdoR1Uy6Rk2xBSzh7VnV2qpQGRx1og.d5-Ej69ec4cPD0VGcIBA5aRVYkHqOBkfBqCBVavoKA4g.JPEG%2FIDAdlc1oaazFu9No4z0UEXadU91c.jpg&type=b400,
´ßººÀ½ÅÁ,https://search.pstatic.net/common/?src=http%3A%2F%2Fblogfiles.naver.net%2F20140905_112%2Fhazdaccofp_1409879657278c7YMy_PNG%2F20140905_092920.png&type=b400,https://search.pstatic.net/common/?src=http%3A%2F%2Fblogfiles.naver.net%2F20141213_132%2Fmaxfull2_1418478252082AOPe1_JPEG%2F%25B4%25DF%25BA%25BA%25C0%25BD%25C5%25C1075.JPG&type=b400,
¿¬¾îÈ¸,https://search.pstatic.net/common/?src=http%3A%2F%2Fblogfiles.naver.net%2F20150626_164%2Frusolife_1435291634512M6et4_JPEG%2F057.JPG&type=b400,https://search.pstatic.net/common/?src=http%3A%2F%2Fblogfiles.naver.net%2FMjAxOTA2MDRfODUg%2FMDAxNTU5NTg3MjU2MTIz.zUXuj2IUg5LUX02hYbxfqpEoNuUWmCFqYmgI6crq8sQg.rJmr5qu6qGaVMTpv7VA8YkHz-ZQMHWnxqltql-xGdxcg.JPEG.naromeme%2F%25BF%25AC%25BE%25EE_%25BF%25AC%25BE%25EE%25C8%25B8.jpg&type=b400,
Ä¡Áî,https://search.pstatic.net/common/?src=http%3A%2F%2Fblogfiles.naver.net%2F20140212_6%2Falsdkqorqn_13921875792714jmcu_JPEG%2F%25C5%25A9%25B8%25B2%25C4%25A1%25C1%25EE_%25C4%25AE%25B7%25CE%25B8%25AE.jpg&type=b400,https://search.pstatic.net/common/?src=http%3A%2F%2Fblogfiles.naver.net%2F20131220_254%2Finfogather_1387469911005SkfKC_JPEG%2F%25BF%25A1%25B8%25E0%25C5%25BB%25C4%25A1%25C1%25EE.jpg&type=b400,
½Ò±¹¼ö,https://search.pstatic.net/common/?src=http%3A%2F%2Fblogfiles.naver.net%2F20150412_16%2Fcider99_1428807228359Uo8gC_JPEG%2F%25BD%25D2%25B1%25B9%25BC%25F6.jpg&type=b400,https://search.pstatic.net/common/?src=http%3A%2F%2Fblogfiles.naver.net%2FMjAxOTA3MDVfNTYg%2FMDAxNTYyMjUyOTYyNjM4.Z3SkPgLmIaRAbgPbRqwSw70743zdc6Ntnmbtwtrt9vwg.3xWSGoD4ddR7sW-rtbNXMk7Bk9J-E5KS9gZWh42gJEsg.JPEG.bhdking%2F%25C0%25CE%25C3%25B5_%25BB%25EF%25BB%25EA%25B5%25BF_%25BD%25D2%25B1%25B9%25BC%25F6_%25B8%25C0%25C1%25FD_%25B9%25CC%25BA%25D0%25B4%25E7_%252836%2529.JPG&type=b400,
±èÄ¡,https://search.pstatic.net/common/?src=http%3A%2F%2Fshop1.phinf.naver.net%2F20190814_116%2Fwksa77_1565770211970zvncr_PNG%2F3132545346458179_1479011371.png&type=b400,https://search.pstatic.net/common/?src=http%3A%2F%2Fshop1.phinf.naver.net%2F20180404_147%2Fomansang09_1522838472270vWBJI_JPEG%2F3340804469530833_455856353.jpg&type=b400,
¸Ó·©,https://search.pstatic.net/common/?src=http%3A%2F%2Fkinimage.naver.net%2F20141225_42%2F1419502226856frLjg_PNG%2F%25B8%25D3%25B7%25A9.PNG&type=b400,https://search.pstatic.net/common/?src=http%3A%2F%2Fpost.phinf.naver.net%2F20160403_92%2F1004ykw_1459685886259ExJTq_JPEG%2Fmug_obj_201604032118119817.jpg&type=b400,
¾ÆÆ÷°¡Åä,https://search.pstatic.net/common/?src=http%3A%2F%2Fblogfiles.naver.net%2F20151118_88%2Fbrgirl31_1447824589727lChib_PNG%2F%25B8%25DE%25C0%25CE.png&type=b400,https://search.pstatic.net/common/?src=http%3A%2F%2Fblogfiles.naver.net%2F20140703_248%2Flightsks_14043798482688RynC_PNG%2F%25BE%25C6%25C6%25F7%25B0%25A1%25C5%25E4.png&type=b400,
Å©·¹Æä,https://search.pstatic.net/common/?src=http%3A%2F%2Fblogfiles.naver.net%2F20130407_3%2Fcute1112_1365318603008qI60z_JPEG%2F%25B5%25FE%25B1%25E2%25C5%25A9%25B7%25B9%25C6%25E4_24.jpg&type=b400,https://search.pstatic.net/common/?src=http%3A%2F%2Fimgnews.naver.net%2Fimage%2F5486%2F2017%2F05%2F05%2F0000006307_004_20170505125243342.jpg&type=b400,
½Ã·ç¶±,https://search.pstatic.net/common/?src=http%3A%2F%2Fblogfiles.naver.net%2FMjAxNzA0MTlfMTE4%2FMDAxNDkyNTgwMzQ0MDQw.YU-d_hecD5PgcsuFEZnGE2UjOabQzxYDgYX_GT6Jfysg.6Om_ZFW_noEMQqa9zorZaiETP-uvNulRETB3uaYSIn0g.JPEG.siru9523663%2F%25B2%25D9%25B9%25CC%25B1%25E2_%25C5%25EB%25C6%25CF%25C2%25FB%25BD%25C3%25B7%25E7%25B6%25B1.jpg&type=b400,https://search.pstatic.net/common/?src=http%3A%2F%2Fcafefiles.naver.net%2FMjAxOTA3MDRfNDgg%2FMDAxNTYyMjI3MzM3MTE5.v_g_pnB6OH7IsxXqBUUE-xzQcYg_YI2YWHy9KDKh0sEg.40orvUhf-lF2WvY11O66EcnWjkBJpaiz8Y83pGYAT7Ag.JPEG%2F%25BD%25C3%25B7%25E7%25B6%25B1.jpg&type=b400,
¼ö¹Ú,https://search.pstatic.net/common/?src=http%3A%2F%2Fimgnews.naver.net%2Fimage%2F005%2F2017%2F07%2F12%2F201707121524_61120011608190_1_20170712152550595.jpg&type=b400,https://search.pstatic.net/common/?src=http%3A%2F%2Fpost.phinf.naver.net%2FMjAxNzA1MjZfMjUg%2FMDAxNDk1Nzc5MTQwNTc5.4QEmrBkEDFO090TbKesErhmzY-s4yseE9vyzBbTlj8Ag.kgQuSgWxJVz8w4HvZvMtSUxy-_HVtW8N3KEyTWEZAXYg.JPEG%2FInQLE5CdIdxupUyiVbS7xhV0fYK4.jpg&type=b400,
ÄÚÄÚ³Ó,https://search.pstatic.net/common/?src=http%3A%2F%2Fblogfiles.naver.net%2F20150417_83%2Fdaebak914_1429264199245pLKVr_JPEG%2F%25BD%25B4%25C6%25DB%25C7%25AA%25B5%25E5%25C4%25DA%25C4%25DA%25B3%25D3%25BF%25AD%25B8%25C5.jpg&type=b400,https://search.pstatic.net/common/?src=http%3A%2F%2Fpost.phinf.naver.net%2FMjAxNzA2MDFfMTQ0%2FMDAxNDk2Mjk5MzM1MDEz.zHBfgCNh-Q-DtAEDQVl3Wv_9pq4yKbfpmBO4RyqUfrYg.0LNIA0sL3HnwQD6nM9ZD0NlTkPiu_PAs-FdXRVEGn9Qg.PNG%2FIobupNiQxcQwl7QP_oG1hj9A9G_A.jpg&type=b400,
µþ±â,https://search.pstatic.net/common/?src=http%3A%2F%2Fshopping.phinf.naver.net%2Fmain_1212918%2F12129189462.20170825204041.jpg&type=b400,https://search.pstatic.net/common/?src=http%3A%2F%2Fblogfiles.naver.net%2F20120315_33%2Fdiet44go_1331740344400YxM9w_JPEG%2F%25B5%25FE%25B1%25E2.jpg&type=b400,
ºÐÂ¥,https://search.pstatic.net/common/?src=http%3A%2F%2Fblogfiles.naver.net%2F20160524_63%2Fpeace7159_1464092788325OhR9M_JPEG%2F%25BA%25D0%25C2%25A5.JPG&type=b400,https://search.pstatic.net/common/?src=http%3A%2F%2Fblogfiles.naver.net%2FMjAxODAzMDVfNDQg%2FMDAxNTIwMjQ4MTY1MzUx.d1iwa_im4aNZOMAvprzk0n9r-JXBbgx90HDHwvnf4wsg.LnFQ1Efkpe7MiUR07Yq22g6akC2qqYAK8458YmPqDQ0g.JPEG.daisyssu%2FIMG_1279.JPG&type=b400,
Ä³ºñ¾Æ,https://search.pstatic.net/common/?src=http%3A%2F%2Fblogfiles.naver.net%2F20120819_51%2Fcaviarhouse_1345358890814lKyr0_JPEG%2Fa3.jpg&type=b400,https://search.pstatic.net/common/?src=http%3A%2F%2Fblogfiles.naver.net%2F20120528_4%2Fcaviarhouse_1338210751733sVR9W_JPEG%2F1.jpg&type=b400,
Àå¾î±¸ÀÌ,https://search.pstatic.net/common/?src=http%3A%2F%2Fblogfiles.naver.net%2F20141015_31%2Fblogchunjiin_1413359220956077vH_JPEG%2F%25C7%25D8%25BF%25EE%25B4%25EB%25C0%25E5%25BE%25EE%25B1%25B8%25C0%25CC%25B8%25C0%25C1%25FD004.JPG&type=b400,https://search.pstatic.net/common/?src=http%3A%2F%2Fblogfiles.naver.net%2FMjAxOTAzMThfMjkg%2FMDAxNTUyODc3NDUwOTAx.isMEenSX0saZNBAurb-Rw3FOL7kP98xAmOW7P7OTJMog.vXzTuEEtCwO9qI5zCVRAB_1_F7dirmcjbha2U7jaqAMg.JPEG.toffice%2FKakaoTalk_20190314_115528144.jpg&type=b400,
¶óÀÚ³Ä,https://search.pstatic.net/common/?src=http%3A%2F%2Fblogfiles.naver.net%2FMjAxNzA2MDhfMjAz%2FMDAxNDk2OTExNjUwOTI0.CcsfoavTVYAbhvxvZKfLqPJsaSS1xPidTNj1ooZ1xQAg.ZGB68SD_rGWruS5qkybgk9dQ3vykmv5FUn-TUbQLEy8g.JPEG.lsjoe%2F%25C4%25DA%25BD%25BA%25C6%25AE%25C4%25DA_%25C4%25DA%25BD%25BA%25C6%25AE%25C4%25DA%25B6%25F3%25C0%25DA%25C5%25CB_%25BA%25F1%25C7%25C1%25B6%25F3%25C0%25DA%25C5%25CB_%25C4%25DA%25BD%25BA%25C6%25AE%25C4%25DA%25BA%25F1%25C7%25C1%25B6%25F3%25C0%25DA%25B3%25C4_lasagna_%25C0%25CF%25BB%25EA%25C4%25DA%25BD%25BA%25C6%25AE%25C4%25DA_%25C0%25CF%25BB%25EA%25C4%25DA%25BD%25BA%25C6%25AE%25C4%25DA%25B6%25F3%25C0%25DA%25B3%25C4_%25B3%25C3%25B5%25BF%25B6%25F3%25C0%25DA%25B3%25C4_%25B3%25C3%25B5%25BF%25C6%25C4%25BD%25BA%25C5%25B8_%25281%2529.JPG&type=b400,https://search.pstatic.net/common/?src=http%3A%2F%2Fblogfiles.naver.net%2FMjAxOTA2MTZfOTEg%2FMDAxNTYwNjk0ODA2MTY5.P9tYzFSgil-1U3vAN2kH3HIpUHhOpZcNglhs5DqlQfkg.ejY_MypBZ3LVAg4Kfh62V2PGcWj58wIWadXfXl5DT9kg.JPEG.mslide%2Fd7d1761f8742a5fd6a389aa463c566af.jpg&type=b400,
±¸½½¾ÆÀÌ½ºÅ©¸²,https://search.pstatic.net/common/?src=http%3A%2F%2Fpost.phinf.naver.net%2FMjAxNzA5MjFfNyAg%2FMDAxNTA1OTY1NDIwODIy.NAh4v_s5_P6D-umekPLJre4y_-SKHXqCxtMKYu6WehUg.C7P7ESIkzS4Zga9ToVS-zD9EXCkGebcQA-OcmvgVRVYg.PNG%2FI4OEiYnpXh1OPi6ObP1pIevL9KMM.jpg&type=b400,https://search.pstatic.net/common/?src=http%3A%2F%2Fblogfiles.naver.net%2F20150530_145%2Ffg1789_14329559105512zrBV_JPEG%2FB14688826.jpg&type=b400,
Ãò·¯½º,https://search.pstatic.net/common/?src=http%3A%2F%2Fblogfiles.naver.net%2F20141217_226%2Fsea_050_1418822187952AivJg_JPEG%2Fb1314171840_churros1.jpg&type=b400,https://search.pstatic.net/common/?src=http%3A%2F%2Fblogfiles.naver.net%2F20141109_23%2Fehdgur8264_1415534789015uhw8n_JPEG%2F1.jpg&type=b400,
°è¶õ»§,https://search.pstatic.net/common/?src=http%3A%2F%2Fblogfiles.naver.net%2F20151213_50%2Fghkdalsdud85_1450003815673O5j4g_JPEG%2F%25B0%25E8%25B6%25F5%25BB%25A7_%25B8%25B8%25B5%25E5%25B4%25C2_%25B9%25FD_%25282%2529.JPG&type=b400,https://search.pstatic.net/common/?src=http%3A%2F%2Fblogfiles.naver.net%2F20130310_142%2Fgongju0020_1362918442476nwdgi_JPEG%2F%25B0%25E8%25B6%25F5%25BB%25A7IMG_3065.JPG&type=b400,
¸Å¿îÅÁ,https://search.pstatic.net/common/?src=http%3A%2F%2Fblogfiles.naver.net%2FMjAxNzEyMDVfMjc2%2FMDAxNTEyNDUzMDgyNTc1.1LfGQXb20UaiiUWqcirwr8D5ZDtkjRYnYHwqNyRjOgMg.0KOhirdjUiotn2vCJqRJOaPOAYQMiWdegpUFuz4acvgg.PNG.mrs3306%2F%25BF%25EB%25B4%25E3%25B8%25C5%25BF%25EE%25C5%25C1_3.png&type=b400,https://search.pstatic.net/common/?src=http%3A%2F%2Fblogfiles.naver.net%2F20160419_254%2Fnyipfbq_94_1461046604847BcuRu_JPEG%2F%25B8%25C5%25BF%25EE%25C5%25C1.jpg&type=b400,
¾ÖÈ£¹ÚººÀ½,https://search.pstatic.net/common/?src=http%3A%2F%2Fblogfiles.naver.net%2F20130612_116%2Fmoonra84_1371016211389T2FFC_JPEG%2F%25BE%25D6%25C8%25A3%25B9%25DA%25BA%25BA%25C0%25BD5.jpg&type=b400,https://search.pstatic.net/common/?src=http%3A%2F%2Fblogfiles.naver.net%2FMjAxOTA4MjdfMTIz%2FMDAxNTY2ODk0ODM3MDI0.SEX-1AtsovNIIZxe8RIAuKShZZwNo0DaXlk6RyHopNQg.YhoyGVOYgGJ4Es1Lw9AZPJHPHREr8YI_DGZbREOJZoMg.JPEG.n2p00%2F%25C3%25D6%25B0%25ED%25C0%25C7%25BF%25E4%25B8%25AE%25BA%25F1%25B0%25E1_%25BE%25D6%25C8%25A3%25B9%25DA%25B5%25C5%25C1%25F6%25B0%25ED%25B1%25E2%25BA%25BA%25C0%25BD29.jpg&type=b400,
¸¸µÎ,https://search.pstatic.net/common/?src=http%3A%2F%2Fpost.phinf.naver.net%2F20160406_228%2F14599264787510R2LJ_JPEG%2FIKxEEBWuPChu0qAFlTQh0YifKx8A.jpg&type=b400,https://search.pstatic.net/common/?src=http%3A%2F%2Fblogfiles.naver.net%2F20151221_135%2Fdafjnio8383_1450665455818uokDJ_JPEG%2Fwww_google_co_kr_20151221_110900.jpg&type=b400,
°í·ÎÄÉ,https://search.pstatic.net/common/?src=http%3A%2F%2Fblogfiles.naver.net%2F20140613_77%2Fgeromi_1402671342917yTo8S_JPEG%2F_-3.jpeg&type=b400,https://search.pstatic.net/common/?src=http%3A%2F%2Fcafefiles.naver.net%2FMjAxNzAyMjJfMjY4%2FMDAxNDg3NzM1Mzc4MDcx.TReDupANStmGAXwuN2gcMG4LX5uueeHPhSCohSBMjAUg.odmTyFaiDrp0iFjhbiAHoy2Jr5U92GLdUNLj1Iygdtgg.PNG.rkddygk7969%2F20170222_124338.png&type=b400,
±èÄ¡ººÀ½¹ä,https://search.pstatic.net/common/?src=http%3A%2F%2Fblogfiles.naver.net%2FMjAxODAzMTlfMTY3%2FMDAxNTIxNDMwNzgwNzUy.pk5pOnGOdjSxPWmrmIzUKxzWe3wFj9Wtrm3R2dCfhuMg.50E_Sh4hwMHkJ5cmTZ1DTY2aVuwQiNmNEeAU6gSi5bEg.JPEG.pmj9475%2F%25BD%25BA%25C6%25D4%25B1%25E8%25C4%25A1%25BA%25BA%25C0%25BD%25B9%25E4P3196766.JPG&type=b400,https://search.pstatic.net/common/?src=http%3A%2F%2Fblogfiles.naver.net%2F20140309_184%2Fwjsdl6_1394361087812gF5s9_JPEG%2F%25B1%25E8%25C4%25A1%25BA%25BA%25C0%25BD%25B9%25E448.jpg&type=b400,
È£¹Ð»§,https://search.pstatic.net/common/?src=http%3A%2F%2Fblogfiles.naver.net%2FMjAxOTExMzBfMTgw%2FMDAxNTc1MDkzOTQ1Mjg1.Sjl9bq7gHm9tT2NOte15Y3CXz0QTs9OwiNiGkiwbJCcg.WvFlRuAZ675cZgT-DZsDa690gUJTvjRC9i-d7PEzjvwg.PNG.moyau%2F20191130_141907.png&type=b400,https://search.pstatic.net/common/?src=http%3A%2F%2Fcafefiles.naver.net%2F20140530_298%2Ftodekfrtodek_1401420024258sFg4Y_PNG%2F1.png&type=b400,
±Ôµ¿,https://search.pstatic.net/common/?src=http%3A%2F%2Fblogfiles.naver.net%2F20130207_35%2Faqualix_1360247221157AwEtu_JPEG%2Faec23714.jpg&type=b400,https://search.pstatic.net/common/?src=http%3A%2F%2Fblogfiles.naver.net%2F20160418_251%2Fong2013_1460953950536mQc8e_PNG%2F%25BF%25C0%25B4%25CF%25B1%25E2%25B8%25AE%25BF%25CD%25C0%25CC%25B1%25D4%25B5%25BF_%25B1%25D4%25B5%25BF.png&type=b400,
°¡Ã÷µ¿,https://search.pstatic.net/common/?src=http%3A%2F%2Fblogfiles.naver.net%2F20150615_196%2Fkaswell_1434361704924Hd6jq_JPEG%2F%25B0%25A1%25C3%25F7%25B5%25BF2.jpg&type=b400,https://search.pstatic.net/common/?src=http%3A%2F%2Fblogfiles.naver.net%2F20150521_267%2Fjo_sisters_1432173093718F41nL_JPEG%2F02.jpg&type=b400,
¿¡±×Å¸¸£Æ®,https://search.pstatic.net/common/?src=http%3A%2F%2Fblogfiles.naver.net%2F20150815_92%2Farmong_net_1439630553881RVlB2_JPEG%2F%25C8%25AB%25C4%25E1%25BF%25A2%25BC%25BF%25BD%25C3%25BE%25EE%25C8%25A3%25C5%25DA%25B7%25CE%25B5%25E5%25BD%25BA%25C5%25E4%25BF%25EC%25BF%25A1%25B1%25D7%25C5%25B8%25B8%25A3%25C6%25AE.jpg&type=b400,https://search.pstatic.net/common/?src=http%3A%2F%2Fblogfiles.naver.net%2F20121122_110%2Fganzipapa007_1353548859349qB6Ip_JPEG%2F2012-11-22_%25BF%25A1%25B1%25D7%25C5%25B8%25B8%25A3%25C6%25AE_%25C4%25AE%25B7%25CE%25B8%25AE1.jpg&type=b400,
½Ä»§,https://search.pstatic.net/common/?src=http%3A%2F%2Fblogfiles.naver.net%2FMjAxOTA3MDhfMjMz%2FMDAxNTYyNTU4NTg4ODIz.n75a1ljv7apR6qr7LqG0IADnFRpzakZS3lFb1M4WW5Yg.oxXQRQmhTOdyAFEKjsvjhXR9y8020gPXgG2Uogz41uAg.PNG.jsc7677%2F%25C8%25A3%25B9%25DA%25C4%25BF%25BD%25BA%25C5%25CD%25B5%25E5%25C5%25A9%25B8%25B2%25BD%25C4%25BB%25A7.png&type=b400,https://search.pstatic.net/common/?src=http%3A%2F%2Fblogfiles.naver.net%2F20121212_125%2Ffafafa7_1355304802436TjJRl_JPEG%2F%25BD%25D2%25BD%25C4%25BB%25A7_%25B9%25E8%25C7%25D5%25C7%25A5%25BF%25CD_%25C1%25A6%25C1%25B6%25B0%25F8%25C1%25A4.jpg&type=b400,
Œc¾ç²á,https://search.pstatic.net/common/?src=http%3A%2F%2Fblogfiles.naver.net%2F20120430_227%2Fchefsgallery_1335757914195Aldj1_JPEG%2F%258C%2563%25BE%25E7%25B2%25E1_00000.jpg&type=b400,https://search.pstatic.net/common/?src=http%3A%2F%2Fblogfiles.naver.net%2F20110811_291%2Fatbtravel_13130484291232qn7B_JPEG%2Froyal-thai-cuisine-tom-yum.jpg&type=b400,
¿ÍÇÃ,https://search.pstatic.net/common/?src=http%3A%2F%2Fblogfiles.naver.net%2F20140906_247%2Fokgogo9099_14099690194769s5LC_JPEG%2F%25BF%25CD%25C7%25C3%25B9%25DD%25C6%25AE8.jpg&type=b400,https://search.pstatic.net/common/?src=http%3A%2F%2Fblogfiles.naver.net%2F20150209_223%2Fjmfd3570_1423478861275Q2rPX_JPEG%2F%25BF%25CD%25C7%25C3%25BB%25A7.jpg&type=b400,
Â¥ÆÄ°ÔÆ¼,https://search.pstatic.net/common/?src=http%3A%2F%2Fkinimage.naver.net%2F20171115_233%2F15107092677205u9T0_JPEG%2F%25C2%25A5%25C6%25C4%25B0%25D4%25C6%25BC.jpg&type=b400,https://search.pstatic.net/common/?src=http%3A%2F%2Fblogfiles.naver.net%2F20150729_232%2Fptholickevin_1438167560527leR9J_JPEG%2F%25C2%25A5%25C6%25C4%25B0%25D4%25C6%25BC_%25BF%25E4%25B8%25AE%25BB%25E7.jpg&type=b400,
Æ÷µµ,https://search.pstatic.net/common/?src=http%3A%2F%2Fcafefiles.naver.net%2F20100907_263%2Fcmw8188_1283849206378CoSze_jpg%2F%25C6%25F7%25B5%25B5_11_cmw8188.jpg&type=b400,https://search.pstatic.net/common/?src=http%3A%2F%2Fimgnews.naver.net%2Fimage%2F5475%2F2018%2F07%2F16%2F0000003464_001_20180716153523328.jpg&type=b400,
¸®Ä¡,https://search.pstatic.net/common/?src=http%3A%2F%2Fpost.phinf.naver.net%2FMjAxNzEwMThfNTYg%2FMDAxNTA4MjU4NTk2NDAy.KtFMdqO4F_F8c3ZGDp8VZXewbM3kWSAcyO5o85gaq_gg.BeenPBPrT9ssYdKBQyJxdBG0FXyHP1Y6qfsFXUJdGLUg.JPEG%2FIpt40SimktCzuslpGDRzq0oLafzc.jpg&type=b400,https://search.pstatic.net/common/?src=http%3A%2F%2Fblogfiles.naver.net%2F20140513_119%2Fdhbaek71_1399934368153EqFoS_JPEG%2F709df40db461a37c3665a2dcb8c3b9fd.jpg&type=b400,
°ïµå·¹¹ä,https://search.pstatic.net/common/?src=http%3A%2F%2Fblogfiles.naver.net%2F20160905_90%2Fmars860_1473074132045UvrlW_JPEG%2F%25B0%25EF%25B5%25E5%25B7%25B9%25B9%25E4%25C1%25FD-07.jpeg&type=b400,https://search.pstatic.net/common/?src=http%3A%2F%2Fblogfiles.naver.net%2F20160517_155%2Fcindy1015_1463490819823HnTHm_JPEG%2F11.jpg&type=b400,
